<Anims>
 <anim name="open_90s" root="ui_compostpile1c6x3" numframes="1000" framerate="40">
  <frame idx="0" w="615" h="666" x="-8.500000" y="-55.000000">
   <element name="ui" layername="ui" frame="0" z_index="4" m_a="1.000000" m_b="0.000000" m_c="0.000000" m_d="1.000000" m_tx="43.000000" m_ty="0.500000"/>
  </frame>
  <frame idx="25" w="615" h="531" x="357.500000" y="435.000000">
   <element name="ui" layername="ui" frame="0" z_index="4" m_a="1.000000" m_b="0.000000" m_c="0.000000" m_d="1.000000" m_tx="409.000000" m_ty="479.500000"/>
  </frame>
  <frame idx="50" w="615" h="531" x="357.500000" y="435.000000">
   <element name="ui" layername="ui" frame="0" z_index="4" m_a="1.000000" m_b="0.000000" m_c="0.000000" m_d="1.000000" m_tx="409.000000" m_ty="479.500000"/>
  </frame>
  <frame idx="75" w="615" h="531" x="357.500000" y="435.000000">
   <element name="ui" layername="ui" frame="0" z_index="4" m_a="1.000000" m_b="0.000000" m_c="0.000000" m_d="1.000000" m_tx="409.000000" m_ty="479.500000"/>
  </frame>
  <frame idx="100" w="615" h="531" x="357.500000" y="435.000000">
   <element name="ui" layername="ui" frame="0" z_index="4" m_a="1.000000" m_b="0.000000" m_c="0.000000" m_d="1.000000" m_tx="409.000000" m_ty="479.500000"/>
  </frame>
  <frame idx="125" w="615" h="531" x="357.500000" y="435.000000">
   <element name="ui" layername="ui" frame="0" z_index="4" m_a="1.000000" m_b="0.000000" m_c="0.000000" m_d="1.000000" m_tx="409.000000" m_ty="479.500000"/>
  </frame>
  <frame idx="150" w="615" h="531" x="357.500000" y="435.000000">
   <element name="ui" layername="ui" frame="0" z_index="4" m_a="1.000000" m_b="0.000000" m_c="0.000000" m_d="1.000000" m_tx="409.000000" m_ty="479.500000"/>
  </frame>
  <frame idx="175" w="615" h="531" x="357.500000" y="435.000000">
   <element name="ui" layername="ui" frame="0" z_index="4" m_a="1.000000" m_b="0.000000" m_c="0.000000" m_d="1.000000" m_tx="409.000000" m_ty="479.500000"/>
  </frame>
  <frame idx="200" w="615" h="531" x="357.500000" y="435.000000">
   <element name="ui" layername="ui" frame="0" z_index="4" m_a="1.000000" m_b="0.000000" m_c="0.000000" m_d="1.000000" m_tx="409.000000" m_ty="479.500000"/>
  </frame>
  <frame idx="225" w="615" h="531" x="357.500000" y="435.000000">
   <element name="ui" layername="ui" frame="0" z_index="4" m_a="1.000000" m_b="0.000000" m_c="0.000000" m_d="1.000000" m_tx="409.000000" m_ty="479.500000"/>
  </frame>
  <frame idx="250" w="615" h="531" x="357.500000" y="435.000000">
   <element name="ui" layername="ui" frame="0" z_index="4" m_a="1.000000" m_b="0.000000" m_c="0.000000" m_d="1.000000" m_tx="409.000000" m_ty="479.500000"/>
  </frame>
  <frame idx="275" w="615" h="531" x="357.500000" y="435.000000">
   <element name="ui" layername="ui" frame="0" z_index="4" m_a="1.000000" m_b="0.000000" m_c="0.000000" m_d="1.000000" m_tx="409.000000" m_ty="479.500000"/>
  </frame>
  <frame idx="300" w="615" h="531" x="357.500000" y="435.000000">
   <element name="ui" layername="ui" frame="0" z_index="4" m_a="1.000000" m_b="0.000000" m_c="0.000000" m_d="1.000000" m_tx="409.000000" m_ty="479.500000"/>
  </frame>
  <frame idx="325" w="615" h="531" x="357.500000" y="435.000000">
   <element name="ui" layername="ui" frame="0" z_index="4" m_a="1.000000" m_b="0.000000" m_c="0.000000" m_d="1.000000" m_tx="409.000000" m_ty="479.500000"/>
  </frame>
  <frame idx="350" w="615" h="531" x="357.500000" y="435.000000">
   <element name="ui" layername="ui" frame="0" z_index="4" m_a="1.000000" m_b="0.000000" m_c="0.000000" m_d="1.000000" m_tx="409.000000" m_ty="479.500000"/>
  </frame>
  <frame idx="375" w="615" h="531" x="357.500000" y="435.000000">
   <element name="ui" layername="ui" frame="0" z_index="4" m_a="1.000000" m_b="0.000000" m_c="0.000000" m_d="1.000000" m_tx="409.000000" m_ty="479.500000"/>
  </frame>
  <frame idx="400" w="615" h="531" x="357.500000" y="435.000000">
   <element name="ui" layername="ui" frame="0" z_index="4" m_a="1.000000" m_b="0.000000" m_c="0.000000" m_d="1.000000" m_tx="409.000000" m_ty="479.500000"/>
  </frame>
  <frame idx="425" w="615" h="531" x="357.500000" y="435.000000">
   <element name="ui" layername="ui" frame="0" z_index="4" m_a="1.000000" m_b="0.000000" m_c="0.000000" m_d="1.000000" m_tx="409.000000" m_ty="479.500000"/>
  </frame>
  <frame idx="450" w="615" h="531" x="357.500000" y="435.000000">
   <element name="ui" layername="ui" frame="0" z_index="4" m_a="1.000000" m_b="0.000000" m_c="0.000000" m_d="1.000000" m_tx="409.000000" m_ty="479.500000"/>
  </frame>
  <frame idx="475" w="615" h="531" x="357.500000" y="435.000000">
   <element name="ui" layername="ui" frame="0" z_index="4" m_a="1.000000" m_b="0.000000" m_c="0.000000" m_d="1.000000" m_tx="409.000000" m_ty="479.500000"/>
  </frame>
  <frame idx="500" w="615" h="531" x="357.500000" y="435.000000">
   <element name="ui" layername="ui" frame="0" z_index="4" m_a="1.000000" m_b="0.000000" m_c="0.000000" m_d="1.000000" m_tx="409.000000" m_ty="479.500000"/>
  </frame>
  <frame idx="525" w="615" h="531" x="357.500000" y="435.000000">
   <element name="ui" layername="ui" frame="0" z_index="4" m_a="1.000000" m_b="0.000000" m_c="0.000000" m_d="1.000000" m_tx="409.000000" m_ty="479.500000"/>
  </frame>
  <frame idx="550" w="615" h="531" x="357.500000" y="435.000000">
   <element name="ui" layername="ui" frame="0" z_index="4" m_a="1.000000" m_b="0.000000" m_c="0.000000" m_d="1.000000" m_tx="409.000000" m_ty="479.500000"/>
  </frame>
  <frame idx="575" w="615" h="531" x="357.500000" y="435.000000">
   <element name="ui" layername="ui" frame="0" z_index="4" m_a="1.000000" m_b="0.000000" m_c="0.000000" m_d="1.000000" m_tx="409.000000" m_ty="479.500000"/>
  </frame>
  <frame idx="600" w="615" h="531" x="357.500000" y="435.000000">
   <element name="ui" layername="ui" frame="0" z_index="4" m_a="1.000000" m_b="0.000000" m_c="0.000000" m_d="1.000000" m_tx="409.000000" m_ty="479.500000"/>
  </frame>
  <frame idx="625" w="615" h="531" x="357.500000" y="435.000000">
   <element name="ui" layername="ui" frame="0" z_index="4" m_a="1.000000" m_b="0.000000" m_c="0.000000" m_d="1.000000" m_tx="409.000000" m_ty="479.500000"/>
  </frame>
  <frame idx="650" w="615" h="531" x="357.500000" y="435.000000">
   <element name="ui" layername="ui" frame="0" z_index="4" m_a="1.000000" m_b="0.000000" m_c="0.000000" m_d="1.000000" m_tx="409.000000" m_ty="479.500000"/>
  </frame>
  <frame idx="675" w="615" h="531" x="357.500000" y="435.000000">
   <element name="ui" layername="ui" frame="0" z_index="4" m_a="1.000000" m_b="0.000000" m_c="0.000000" m_d="1.000000" m_tx="409.000000" m_ty="479.500000"/>
  </frame>
  <frame idx="700" w="615" h="531" x="357.500000" y="435.000000">
   <element name="ui" layername="ui" frame="0" z_index="4" m_a="1.000000" m_b="0.000000" m_c="0.000000" m_d="1.000000" m_tx="409.000000" m_ty="479.500000"/>
  </frame>
  <frame idx="725" w="615" h="531" x="357.500000" y="435.000000">
   <element name="ui" layername="ui" frame="0" z_index="4" m_a="1.000000" m_b="0.000000" m_c="0.000000" m_d="1.000000" m_tx="409.000000" m_ty="479.500000"/>
  </frame>
  <frame idx="750" w="615" h="531" x="357.500000" y="435.000000">
   <element name="ui" layername="ui" frame="0" z_index="4" m_a="1.000000" m_b="0.000000" m_c="0.000000" m_d="1.000000" m_tx="409.000000" m_ty="479.500000"/>
  </frame>
  <frame idx="775" w="615" h="531" x="357.500000" y="435.000000">
   <element name="ui" layername="ui" frame="0" z_index="4" m_a="1.000000" m_b="0.000000" m_c="0.000000" m_d="1.000000" m_tx="409.000000" m_ty="479.500000"/>
  </frame>
  <frame idx="800" w="615" h="531" x="357.500000" y="435.000000">
   <element name="ui" layername="ui" frame="0" z_index="4" m_a="1.000000" m_b="0.000000" m_c="0.000000" m_d="1.000000" m_tx="409.000000" m_ty="479.500000"/>
  </frame>
  <frame idx="825" w="615" h="531" x="357.500000" y="435.000000">
   <element name="ui" layername="ui" frame="0" z_index="4" m_a="1.000000" m_b="0.000000" m_c="0.000000" m_d="1.000000" m_tx="409.000000" m_ty="479.500000"/>
  </frame>
  <frame idx="850" w="615" h="531" x="357.500000" y="435.000000">
   <element name="ui" layername="ui" frame="0" z_index="4" m_a="1.000000" m_b="0.000000" m_c="0.000000" m_d="1.000000" m_tx="409.000000" m_ty="479.500000"/>
  </frame>
  <frame idx="875" w="615" h="531" x="357.500000" y="435.000000">
   <element name="ui" layername="ui" frame="0" z_index="4" m_a="1.000000" m_b="0.000000" m_c="0.000000" m_d="1.000000" m_tx="409.000000" m_ty="479.500000"/>
  </frame>
  <frame idx="900" w="615" h="531" x="357.500000" y="435.000000">
   <element name="ui" layername="ui" frame="0" z_index="4" m_a="1.000000" m_b="0.000000" m_c="0.000000" m_d="1.000000" m_tx="409.000000" m_ty="479.500000"/>
  </frame>
  <frame idx="925" w="615" h="531" x="357.500000" y="435.000000">
   <element name="ui" layername="ui" frame="0" z_index="4" m_a="1.000000" m_b="0.000000" m_c="0.000000" m_d="1.000000" m_tx="409.000000" m_ty="479.500000"/>
  </frame>
  <frame idx="950" w="615" h="531" x="357.500000" y="435.000000">
   <element name="ui" layername="ui" frame="0" z_index="4" m_a="1.000000" m_b="0.000000" m_c="0.000000" m_d="1.000000" m_tx="409.000000" m_ty="479.500000"/>
  </frame>
  <frame idx="975" w="615" h="531" x="357.500000" y="435.000000">
   <element name="ui" layername="ui" frame="0" z_index="4" m_a="1.000000" m_b="0.000000" m_c="0.000000" m_d="1.000000" m_tx="409.000000" m_ty="479.500000"/>
  </frame>
 </anim>
 <anim name="idle_90s" root="ui_compostpile1c6x3" numframes="1000" framerate="40">
  <frame idx="0" w="615" h="663" x="-12.500000" y="-56.000000">
   <element name="ui" layername="ui" frame="0" z_index="4" m_a="1.000000" m_b="0.000000" m_c="0.000000" m_d="1.000000" m_tx="39.000000" m_ty="-0.500000"/>
  </frame>
  <frame idx="25" w="615" h="531" x="357.500000" y="435.000000">
   <element name="ui" layername="ui" frame="0" z_index="4" m_a="1.000000" m_b="0.000000" m_c="0.000000" m_d="1.000000" m_tx="409.000000" m_ty="479.500000"/>
  </frame>
  <frame idx="50" w="615" h="531" x="357.500000" y="435.000000">
   <element name="ui" layername="ui" frame="0" z_index="4" m_a="1.000000" m_b="0.000000" m_c="0.000000" m_d="1.000000" m_tx="409.000000" m_ty="479.500000"/>
  </frame>
  <frame idx="75" w="615" h="531" x="357.500000" y="435.000000">
   <element name="ui" layername="ui" frame="0" z_index="4" m_a="1.000000" m_b="0.000000" m_c="0.000000" m_d="1.000000" m_tx="409.000000" m_ty="479.500000"/>
  </frame>
  <frame idx="100" w="615" h="531" x="357.500000" y="435.000000">
   <element name="ui" layername="ui" frame="0" z_index="4" m_a="1.000000" m_b="0.000000" m_c="0.000000" m_d="1.000000" m_tx="409.000000" m_ty="479.500000"/>
  </frame>
  <frame idx="125" w="615" h="531" x="357.500000" y="435.000000">
   <element name="ui" layername="ui" frame="0" z_index="4" m_a="1.000000" m_b="0.000000" m_c="0.000000" m_d="1.000000" m_tx="409.000000" m_ty="479.500000"/>
  </frame>
  <frame idx="150" w="615" h="531" x="357.500000" y="435.000000">
   <element name="ui" layername="ui" frame="0" z_index="4" m_a="1.000000" m_b="0.000000" m_c="0.000000" m_d="1.000000" m_tx="409.000000" m_ty="479.500000"/>
  </frame>
  <frame idx="175" w="615" h="531" x="357.500000" y="435.000000">
   <element name="ui" layername="ui" frame="0" z_index="4" m_a="1.000000" m_b="0.000000" m_c="0.000000" m_d="1.000000" m_tx="409.000000" m_ty="479.500000"/>
  </frame>
  <frame idx="200" w="615" h="531" x="357.500000" y="435.000000">
   <element name="ui" layername="ui" frame="0" z_index="4" m_a="1.000000" m_b="0.000000" m_c="0.000000" m_d="1.000000" m_tx="409.000000" m_ty="479.500000"/>
  </frame>
  <frame idx="225" w="615" h="531" x="357.500000" y="435.000000">
   <element name="ui" layername="ui" frame="0" z_index="4" m_a="1.000000" m_b="0.000000" m_c="0.000000" m_d="1.000000" m_tx="409.000000" m_ty="479.500000"/>
  </frame>
  <frame idx="250" w="615" h="531" x="357.500000" y="435.000000">
   <element name="ui" layername="ui" frame="0" z_index="4" m_a="1.000000" m_b="0.000000" m_c="0.000000" m_d="1.000000" m_tx="409.000000" m_ty="479.500000"/>
  </frame>
  <frame idx="275" w="615" h="531" x="357.500000" y="435.000000">
   <element name="ui" layername="ui" frame="0" z_index="4" m_a="1.000000" m_b="0.000000" m_c="0.000000" m_d="1.000000" m_tx="409.000000" m_ty="479.500000"/>
  </frame>
  <frame idx="300" w="615" h="531" x="357.500000" y="435.000000">
   <element name="ui" layername="ui" frame="0" z_index="4" m_a="1.000000" m_b="0.000000" m_c="0.000000" m_d="1.000000" m_tx="409.000000" m_ty="479.500000"/>
  </frame>
  <frame idx="325" w="615" h="531" x="357.500000" y="435.000000">
   <element name="ui" layername="ui" frame="0" z_index="4" m_a="1.000000" m_b="0.000000" m_c="0.000000" m_d="1.000000" m_tx="409.000000" m_ty="479.500000"/>
  </frame>
  <frame idx="350" w="615" h="531" x="357.500000" y="435.000000">
   <element name="ui" layername="ui" frame="0" z_index="4" m_a="1.000000" m_b="0.000000" m_c="0.000000" m_d="1.000000" m_tx="409.000000" m_ty="479.500000"/>
  </frame>
  <frame idx="375" w="615" h="531" x="357.500000" y="435.000000">
   <element name="ui" layername="ui" frame="0" z_index="4" m_a="1.000000" m_b="0.000000" m_c="0.000000" m_d="1.000000" m_tx="409.000000" m_ty="479.500000"/>
  </frame>
  <frame idx="400" w="615" h="531" x="357.500000" y="435.000000">
   <element name="ui" layername="ui" frame="0" z_index="4" m_a="1.000000" m_b="0.000000" m_c="0.000000" m_d="1.000000" m_tx="409.000000" m_ty="479.500000"/>
  </frame>
  <frame idx="425" w="615" h="531" x="357.500000" y="435.000000">
   <element name="ui" layername="ui" frame="0" z_index="4" m_a="1.000000" m_b="0.000000" m_c="0.000000" m_d="1.000000" m_tx="409.000000" m_ty="479.500000"/>
  </frame>
  <frame idx="450" w="615" h="531" x="357.500000" y="435.000000">
   <element name="ui" layername="ui" frame="0" z_index="4" m_a="1.000000" m_b="0.000000" m_c="0.000000" m_d="1.000000" m_tx="409.000000" m_ty="479.500000"/>
  </frame>
  <frame idx="475" w="615" h="531" x="357.500000" y="435.000000">
   <element name="ui" layername="ui" frame="0" z_index="4" m_a="1.000000" m_b="0.000000" m_c="0.000000" m_d="1.000000" m_tx="409.000000" m_ty="479.500000"/>
  </frame>
  <frame idx="500" w="615" h="531" x="357.500000" y="435.000000">
   <element name="ui" layername="ui" frame="0" z_index="4" m_a="1.000000" m_b="0.000000" m_c="0.000000" m_d="1.000000" m_tx="409.000000" m_ty="479.500000"/>
  </frame>
  <frame idx="525" w="615" h="531" x="357.500000" y="435.000000">
   <element name="ui" layername="ui" frame="0" z_index="4" m_a="1.000000" m_b="0.000000" m_c="0.000000" m_d="1.000000" m_tx="409.000000" m_ty="479.500000"/>
  </frame>
  <frame idx="550" w="615" h="531" x="357.500000" y="435.000000">
   <element name="ui" layername="ui" frame="0" z_index="4" m_a="1.000000" m_b="0.000000" m_c="0.000000" m_d="1.000000" m_tx="409.000000" m_ty="479.500000"/>
  </frame>
  <frame idx="575" w="615" h="531" x="357.500000" y="435.000000">
   <element name="ui" layername="ui" frame="0" z_index="4" m_a="1.000000" m_b="0.000000" m_c="0.000000" m_d="1.000000" m_tx="409.000000" m_ty="479.500000"/>
  </frame>
  <frame idx="600" w="615" h="531" x="357.500000" y="435.000000">
   <element name="ui" layername="ui" frame="0" z_index="4" m_a="1.000000" m_b="0.000000" m_c="0.000000" m_d="1.000000" m_tx="409.000000" m_ty="479.500000"/>
  </frame>
  <frame idx="625" w="615" h="531" x="357.500000" y="435.000000">
   <element name="ui" layername="ui" frame="0" z_index="4" m_a="1.000000" m_b="0.000000" m_c="0.000000" m_d="1.000000" m_tx="409.000000" m_ty="479.500000"/>
  </frame>
  <frame idx="650" w="615" h="531" x="357.500000" y="435.000000">
   <element name="ui" layername="ui" frame="0" z_index="4" m_a="1.000000" m_b="0.000000" m_c="0.000000" m_d="1.000000" m_tx="409.000000" m_ty="479.500000"/>
  </frame>
  <frame idx="675" w="615" h="531" x="357.500000" y="435.000000">
   <element name="ui" layername="ui" frame="0" z_index="4" m_a="1.000000" m_b="0.000000" m_c="0.000000" m_d="1.000000" m_tx="409.000000" m_ty="479.500000"/>
  </frame>
  <frame idx="700" w="615" h="531" x="357.500000" y="435.000000">
   <element name="ui" layername="ui" frame="0" z_index="4" m_a="1.000000" m_b="0.000000" m_c="0.000000" m_d="1.000000" m_tx="409.000000" m_ty="479.500000"/>
  </frame>
  <frame idx="725" w="615" h="531" x="357.500000" y="435.000000">
   <element name="ui" layername="ui" frame="0" z_index="4" m_a="1.000000" m_b="0.000000" m_c="0.000000" m_d="1.000000" m_tx="409.000000" m_ty="479.500000"/>
  </frame>
  <frame idx="750" w="615" h="531" x="357.500000" y="435.000000">
   <element name="ui" layername="ui" frame="0" z_index="4" m_a="1.000000" m_b="0.000000" m_c="0.000000" m_d="1.000000" m_tx="409.000000" m_ty="479.500000"/>
  </frame>
  <frame idx="775" w="615" h="531" x="357.500000" y="435.000000">
   <element name="ui" layername="ui" frame="0" z_index="4" m_a="1.000000" m_b="0.000000" m_c="0.000000" m_d="1.000000" m_tx="409.000000" m_ty="479.500000"/>
  </frame>
  <frame idx="800" w="615" h="531" x="357.500000" y="435.000000">
   <element name="ui" layername="ui" frame="0" z_index="4" m_a="1.000000" m_b="0.000000" m_c="0.000000" m_d="1.000000" m_tx="409.000000" m_ty="479.500000"/>
  </frame>
  <frame idx="825" w="615" h="531" x="357.500000" y="435.000000">
   <element name="ui" layername="ui" frame="0" z_index="4" m_a="1.000000" m_b="0.000000" m_c="0.000000" m_d="1.000000" m_tx="409.000000" m_ty="479.500000"/>
  </frame>
  <frame idx="850" w="615" h="531" x="357.500000" y="435.000000">
   <element name="ui" layername="ui" frame="0" z_index="4" m_a="1.000000" m_b="0.000000" m_c="0.000000" m_d="1.000000" m_tx="409.000000" m_ty="479.500000"/>
  </frame>
  <frame idx="875" w="615" h="531" x="357.500000" y="435.000000">
   <element name="ui" layername="ui" frame="0" z_index="4" m_a="1.000000" m_b="0.000000" m_c="0.000000" m_d="1.000000" m_tx="409.000000" m_ty="479.500000"/>
  </frame>
  <frame idx="900" w="615" h="531" x="357.500000" y="435.000000">
   <element name="ui" layername="ui" frame="0" z_index="4" m_a="1.000000" m_b="0.000000" m_c="0.000000" m_d="1.000000" m_tx="409.000000" m_ty="479.500000"/>
  </frame>
  <frame idx="925" w="615" h="531" x="357.500000" y="435.000000">
   <element name="ui" layername="ui" frame="0" z_index="4" m_a="1.000000" m_b="0.000000" m_c="0.000000" m_d="1.000000" m_tx="409.000000" m_ty="479.500000"/>
  </frame>
  <frame idx="950" w="615" h="531" x="357.500000" y="435.000000">
   <element name="ui" layername="ui" frame="0" z_index="4" m_a="1.000000" m_b="0.000000" m_c="0.000000" m_d="1.000000" m_tx="409.000000" m_ty="479.500000"/>
  </frame>
  <frame idx="975" w="615" h="531" x="357.500000" y="435.000000">
   <element name="ui" layername="ui" frame="0" z_index="4" m_a="1.000000" m_b="0.000000" m_c="0.000000" m_d="1.000000" m_tx="409.000000" m_ty="479.500000"/>
  </frame>
 </anim>
 <anim name="close_90s" root="ui_compostpile1c6x3" numframes="1000" framerate="40">
  <frame idx="0" w="615" h="660" x="-13.500000" y="-54.500000">
   <element name="ui" layername="ui" frame="0" z_index="4" m_a="1.000000" m_b="0.000000" m_c="0.000000" m_d="1.000000" m_tx="38.000000" m_ty="0.500000"/>
  </frame>
  <frame idx="25" w="615" h="531" x="357.500000" y="435.000000">
   <element name="ui" layername="ui" frame="0" z_index="4" m_a="1.000000" m_b="0.000000" m_c="0.000000" m_d="1.000000" m_tx="409.000000" m_ty="479.500000"/>
  </frame>
  <frame idx="50" w="615" h="531" x="357.500000" y="435.000000">
   <element name="ui" layername="ui" frame="0" z_index="4" m_a="1.000000" m_b="0.000000" m_c="0.000000" m_d="1.000000" m_tx="409.000000" m_ty="479.500000"/>
  </frame>
  <frame idx="75" w="615" h="531" x="357.500000" y="435.000000">
   <element name="ui" layername="ui" frame="0" z_index="4" m_a="1.000000" m_b="0.000000" m_c="0.000000" m_d="1.000000" m_tx="409.000000" m_ty="479.500000"/>
  </frame>
  <frame idx="100" w="615" h="531" x="357.500000" y="435.000000">
   <element name="ui" layername="ui" frame="0" z_index="4" m_a="1.000000" m_b="0.000000" m_c="0.000000" m_d="1.000000" m_tx="409.000000" m_ty="479.500000"/>
  </frame>
  <frame idx="125" w="615" h="531" x="357.500000" y="435.000000">
   <element name="ui" layername="ui" frame="0" z_index="4" m_a="1.000000" m_b="0.000000" m_c="0.000000" m_d="1.000000" m_tx="409.000000" m_ty="479.500000"/>
  </frame>
  <frame idx="150" w="615" h="531" x="357.500000" y="435.000000">
   <element name="ui" layername="ui" frame="0" z_index="4" m_a="1.000000" m_b="0.000000" m_c="0.000000" m_d="1.000000" m_tx="409.000000" m_ty="479.500000"/>
  </frame>
  <frame idx="175" w="615" h="531" x="357.500000" y="435.000000">
   <element name="ui" layername="ui" frame="0" z_index="4" m_a="1.000000" m_b="0.000000" m_c="0.000000" m_d="1.000000" m_tx="409.000000" m_ty="479.500000"/>
  </frame>
  <frame idx="200" w="615" h="531" x="357.500000" y="435.000000">
   <element name="ui" layername="ui" frame="0" z_index="4" m_a="1.000000" m_b="0.000000" m_c="0.000000" m_d="1.000000" m_tx="409.000000" m_ty="479.500000"/>
  </frame>
  <frame idx="225" w="615" h="531" x="357.500000" y="435.000000">
   <element name="ui" layername="ui" frame="0" z_index="4" m_a="1.000000" m_b="0.000000" m_c="0.000000" m_d="1.000000" m_tx="409.000000" m_ty="479.500000"/>
  </frame>
  <frame idx="250" w="615" h="531" x="357.500000" y="435.000000">
   <element name="ui" layername="ui" frame="0" z_index="4" m_a="1.000000" m_b="0.000000" m_c="0.000000" m_d="1.000000" m_tx="409.000000" m_ty="479.500000"/>
  </frame>
  <frame idx="275" w="615" h="531" x="357.500000" y="435.000000">
   <element name="ui" layername="ui" frame="0" z_index="4" m_a="1.000000" m_b="0.000000" m_c="0.000000" m_d="1.000000" m_tx="409.000000" m_ty="479.500000"/>
  </frame>
  <frame idx="300" w="615" h="531" x="357.500000" y="435.000000">
   <element name="ui" layername="ui" frame="0" z_index="4" m_a="1.000000" m_b="0.000000" m_c="0.000000" m_d="1.000000" m_tx="409.000000" m_ty="479.500000"/>
  </frame>
  <frame idx="325" w="615" h="531" x="357.500000" y="435.000000">
   <element name="ui" layername="ui" frame="0" z_index="4" m_a="1.000000" m_b="0.000000" m_c="0.000000" m_d="1.000000" m_tx="409.000000" m_ty="479.500000"/>
  </frame>
  <frame idx="350" w="615" h="531" x="357.500000" y="435.000000">
   <element name="ui" layername="ui" frame="0" z_index="4" m_a="1.000000" m_b="0.000000" m_c="0.000000" m_d="1.000000" m_tx="409.000000" m_ty="479.500000"/>
  </frame>
  <frame idx="375" w="615" h="531" x="357.500000" y="435.000000">
   <element name="ui" layername="ui" frame="0" z_index="4" m_a="1.000000" m_b="0.000000" m_c="0.000000" m_d="1.000000" m_tx="409.000000" m_ty="479.500000"/>
  </frame>
  <frame idx="400" w="615" h="531" x="357.500000" y="435.000000">
   <element name="ui" layername="ui" frame="0" z_index="4" m_a="1.000000" m_b="0.000000" m_c="0.000000" m_d="1.000000" m_tx="409.000000" m_ty="479.500000"/>
  </frame>
  <frame idx="425" w="615" h="531" x="357.500000" y="435.000000">
   <element name="ui" layername="ui" frame="0" z_index="4" m_a="1.000000" m_b="0.000000" m_c="0.000000" m_d="1.000000" m_tx="409.000000" m_ty="479.500000"/>
  </frame>
  <frame idx="450" w="615" h="531" x="357.500000" y="435.000000">
   <element name="ui" layername="ui" frame="0" z_index="4" m_a="1.000000" m_b="0.000000" m_c="0.000000" m_d="1.000000" m_tx="409.000000" m_ty="479.500000"/>
  </frame>
  <frame idx="475" w="615" h="531" x="357.500000" y="435.000000">
   <element name="ui" layername="ui" frame="0" z_index="4" m_a="1.000000" m_b="0.000000" m_c="0.000000" m_d="1.000000" m_tx="409.000000" m_ty="479.500000"/>
  </frame>
  <frame idx="500" w="615" h="531" x="357.500000" y="435.000000">
   <element name="ui" layername="ui" frame="0" z_index="4" m_a="1.000000" m_b="0.000000" m_c="0.000000" m_d="1.000000" m_tx="409.000000" m_ty="479.500000"/>
  </frame>
  <frame idx="525" w="615" h="531" x="357.500000" y="435.000000">
   <element name="ui" layername="ui" frame="0" z_index="4" m_a="1.000000" m_b="0.000000" m_c="0.000000" m_d="1.000000" m_tx="409.000000" m_ty="479.500000"/>
  </frame>
  <frame idx="550" w="615" h="531" x="357.500000" y="435.000000">
   <element name="ui" layername="ui" frame="0" z_index="4" m_a="1.000000" m_b="0.000000" m_c="0.000000" m_d="1.000000" m_tx="409.000000" m_ty="479.500000"/>
  </frame>
  <frame idx="575" w="615" h="531" x="357.500000" y="435.000000">
   <element name="ui" layername="ui" frame="0" z_index="4" m_a="1.000000" m_b="0.000000" m_c="0.000000" m_d="1.000000" m_tx="409.000000" m_ty="479.500000"/>
  </frame>
  <frame idx="600" w="615" h="531" x="357.500000" y="435.000000">
   <element name="ui" layername="ui" frame="0" z_index="4" m_a="1.000000" m_b="0.000000" m_c="0.000000" m_d="1.000000" m_tx="409.000000" m_ty="479.500000"/>
  </frame>
  <frame idx="625" w="615" h="531" x="357.500000" y="435.000000">
   <element name="ui" layername="ui" frame="0" z_index="4" m_a="1.000000" m_b="0.000000" m_c="0.000000" m_d="1.000000" m_tx="409.000000" m_ty="479.500000"/>
  </frame>
  <frame idx="650" w="615" h="531" x="357.500000" y="435.000000">
   <element name="ui" layername="ui" frame="0" z_index="4" m_a="1.000000" m_b="0.000000" m_c="0.000000" m_d="1.000000" m_tx="409.000000" m_ty="479.500000"/>
  </frame>
  <frame idx="675" w="615" h="531" x="357.500000" y="435.000000">
   <element name="ui" layername="ui" frame="0" z_index="4" m_a="1.000000" m_b="0.000000" m_c="0.000000" m_d="1.000000" m_tx="409.000000" m_ty="479.500000"/>
  </frame>
  <frame idx="700" w="615" h="531" x="357.500000" y="435.000000">
   <element name="ui" layername="ui" frame="0" z_index="4" m_a="1.000000" m_b="0.000000" m_c="0.000000" m_d="1.000000" m_tx="409.000000" m_ty="479.500000"/>
  </frame>
  <frame idx="725" w="615" h="531" x="357.500000" y="435.000000">
   <element name="ui" layername="ui" frame="0" z_index="4" m_a="1.000000" m_b="0.000000" m_c="0.000000" m_d="1.000000" m_tx="409.000000" m_ty="479.500000"/>
  </frame>
  <frame idx="750" w="615" h="531" x="357.500000" y="435.000000">
   <element name="ui" layername="ui" frame="0" z_index="4" m_a="1.000000" m_b="0.000000" m_c="0.000000" m_d="1.000000" m_tx="409.000000" m_ty="479.500000"/>
  </frame>
  <frame idx="775" w="615" h="531" x="357.500000" y="435.000000">
   <element name="ui" layername="ui" frame="0" z_index="4" m_a="1.000000" m_b="0.000000" m_c="0.000000" m_d="1.000000" m_tx="409.000000" m_ty="479.500000"/>
  </frame>
  <frame idx="800" w="615" h="531" x="357.500000" y="435.000000">
   <element name="ui" layername="ui" frame="0" z_index="4" m_a="1.000000" m_b="0.000000" m_c="0.000000" m_d="1.000000" m_tx="409.000000" m_ty="479.500000"/>
  </frame>
  <frame idx="825" w="615" h="531" x="357.500000" y="435.000000">
   <element name="ui" layername="ui" frame="0" z_index="4" m_a="1.000000" m_b="0.000000" m_c="0.000000" m_d="1.000000" m_tx="409.000000" m_ty="479.500000"/>
  </frame>
  <frame idx="850" w="615" h="531" x="357.500000" y="435.000000">
   <element name="ui" layername="ui" frame="0" z_index="4" m_a="1.000000" m_b="0.000000" m_c="0.000000" m_d="1.000000" m_tx="409.000000" m_ty="479.500000"/>
  </frame>
  <frame idx="875" w="615" h="531" x="357.500000" y="435.000000">
   <element name="ui" layername="ui" frame="0" z_index="4" m_a="1.000000" m_b="0.000000" m_c="0.000000" m_d="1.000000" m_tx="409.000000" m_ty="479.500000"/>
  </frame>
  <frame idx="900" w="615" h="531" x="357.500000" y="435.000000">
   <element name="ui" layername="ui" frame="0" z_index="4" m_a="1.000000" m_b="0.000000" m_c="0.000000" m_d="1.000000" m_tx="409.000000" m_ty="479.500000"/>
  </frame>
  <frame idx="925" w="615" h="531" x="357.500000" y="435.000000">
   <element name="ui" layername="ui" frame="0" z_index="4" m_a="1.000000" m_b="0.000000" m_c="0.000000" m_d="1.000000" m_tx="409.000000" m_ty="479.500000"/>
  </frame>
  <frame idx="950" w="615" h="531" x="357.500000" y="435.000000">
   <element name="ui" layername="ui" frame="0" z_index="4" m_a="1.000000" m_b="0.000000" m_c="0.000000" m_d="1.000000" m_tx="409.000000" m_ty="479.500000"/>
  </frame>
  <frame idx="975" w="615" h="531" x="357.500000" y="435.000000">
   <element name="ui" layername="ui" frame="0" z_index="4" m_a="1.000000" m_b="0.000000" m_c="0.000000" m_d="1.000000" m_tx="409.000000" m_ty="479.500000"/>
  </frame>
 </anim>
 <anim name="anim_90s" root="ui_compostpile1c6x3" numframes="1000" framerate="40">
  <frame idx="0" w="615" h="662" x="-13.500000" y="-56.000000">
   <element name="ui" layername="ui" frame="0" z_index="4" m_a="1.000000" m_b="0.000000" m_c="0.000000" m_d="1.000000" m_tx="38.000000" m_ty="-0.500000"/>
  </frame>
  <frame idx="25" w="615" h="531" x="357.500000" y="435.000000">
   <element name="ui" layername="ui" frame="0" z_index="4" m_a="1.000000" m_b="0.000000" m_c="0.000000" m_d="1.000000" m_tx="409.000000" m_ty="479.500000"/>
  </frame>
  <frame idx="50" w="615" h="531" x="357.500000" y="435.000000">
   <element name="ui" layername="ui" frame="0" z_index="4" m_a="1.000000" m_b="0.000000" m_c="0.000000" m_d="1.000000" m_tx="409.000000" m_ty="479.500000"/>
  </frame>
  <frame idx="75" w="615" h="531" x="357.500000" y="435.000000">
   <element name="ui" layername="ui" frame="0" z_index="4" m_a="1.000000" m_b="0.000000" m_c="0.000000" m_d="1.000000" m_tx="409.000000" m_ty="479.500000"/>
  </frame>
  <frame idx="100" w="615" h="531" x="357.500000" y="435.000000">
   <element name="ui" layername="ui" frame="0" z_index="4" m_a="1.000000" m_b="0.000000" m_c="0.000000" m_d="1.000000" m_tx="409.000000" m_ty="479.500000"/>
  </frame>
  <frame idx="125" w="615" h="531" x="357.500000" y="435.000000">
   <element name="ui" layername="ui" frame="0" z_index="4" m_a="1.000000" m_b="0.000000" m_c="0.000000" m_d="1.000000" m_tx="409.000000" m_ty="479.500000"/>
  </frame>
  <frame idx="150" w="615" h="531" x="357.500000" y="435.000000">
   <element name="ui" layername="ui" frame="0" z_index="4" m_a="1.000000" m_b="0.000000" m_c="0.000000" m_d="1.000000" m_tx="409.000000" m_ty="479.500000"/>
  </frame>
  <frame idx="175" w="615" h="531" x="357.500000" y="435.000000">
   <element name="ui" layername="ui" frame="0" z_index="4" m_a="1.000000" m_b="0.000000" m_c="0.000000" m_d="1.000000" m_tx="409.000000" m_ty="479.500000"/>
  </frame>
  <frame idx="200" w="615" h="531" x="357.500000" y="435.000000">
   <element name="ui" layername="ui" frame="0" z_index="4" m_a="1.000000" m_b="0.000000" m_c="0.000000" m_d="1.000000" m_tx="409.000000" m_ty="479.500000"/>
  </frame>
  <frame idx="225" w="615" h="531" x="357.500000" y="435.000000">
   <element name="ui" layername="ui" frame="0" z_index="4" m_a="1.000000" m_b="0.000000" m_c="0.000000" m_d="1.000000" m_tx="409.000000" m_ty="479.500000"/>
  </frame>
  <frame idx="250" w="615" h="531" x="357.500000" y="435.000000">
   <element name="ui" layername="ui" frame="0" z_index="4" m_a="1.000000" m_b="0.000000" m_c="0.000000" m_d="1.000000" m_tx="409.000000" m_ty="479.500000"/>
  </frame>
  <frame idx="275" w="615" h="531" x="357.500000" y="435.000000">
   <element name="ui" layername="ui" frame="0" z_index="4" m_a="1.000000" m_b="0.000000" m_c="0.000000" m_d="1.000000" m_tx="409.000000" m_ty="479.500000"/>
  </frame>
  <frame idx="300" w="615" h="531" x="357.500000" y="435.000000">
   <element name="ui" layername="ui" frame="0" z_index="4" m_a="1.000000" m_b="0.000000" m_c="0.000000" m_d="1.000000" m_tx="409.000000" m_ty="479.500000"/>
  </frame>
  <frame idx="325" w="615" h="531" x="357.500000" y="435.000000">
   <element name="ui" layername="ui" frame="0" z_index="4" m_a="1.000000" m_b="0.000000" m_c="0.000000" m_d="1.000000" m_tx="409.000000" m_ty="479.500000"/>
  </frame>
  <frame idx="350" w="615" h="531" x="357.500000" y="435.000000">
   <element name="ui" layername="ui" frame="0" z_index="4" m_a="1.000000" m_b="0.000000" m_c="0.000000" m_d="1.000000" m_tx="409.000000" m_ty="479.500000"/>
  </frame>
  <frame idx="375" w="615" h="531" x="357.500000" y="435.000000">
   <element name="ui" layername="ui" frame="0" z_index="4" m_a="1.000000" m_b="0.000000" m_c="0.000000" m_d="1.000000" m_tx="409.000000" m_ty="479.500000"/>
  </frame>
  <frame idx="400" w="615" h="531" x="357.500000" y="435.000000">
   <element name="ui" layername="ui" frame="0" z_index="4" m_a="1.000000" m_b="0.000000" m_c="0.000000" m_d="1.000000" m_tx="409.000000" m_ty="479.500000"/>
  </frame>
  <frame idx="425" w="615" h="531" x="357.500000" y="435.000000">
   <element name="ui" layername="ui" frame="0" z_index="4" m_a="1.000000" m_b="0.000000" m_c="0.000000" m_d="1.000000" m_tx="409.000000" m_ty="479.500000"/>
  </frame>
  <frame idx="450" w="615" h="531" x="357.500000" y="435.000000">
   <element name="ui" layername="ui" frame="0" z_index="4" m_a="1.000000" m_b="0.000000" m_c="0.000000" m_d="1.000000" m_tx="409.000000" m_ty="479.500000"/>
  </frame>
  <frame idx="475" w="615" h="531" x="357.500000" y="435.000000">
   <element name="ui" layername="ui" frame="0" z_index="4" m_a="1.000000" m_b="0.000000" m_c="0.000000" m_d="1.000000" m_tx="409.000000" m_ty="479.500000"/>
  </frame>
  <frame idx="500" w="615" h="531" x="357.500000" y="435.000000">
   <element name="ui" layername="ui" frame="0" z_index="4" m_a="1.000000" m_b="0.000000" m_c="0.000000" m_d="1.000000" m_tx="409.000000" m_ty="479.500000"/>
  </frame>
  <frame idx="525" w="615" h="531" x="357.500000" y="435.000000">
   <element name="ui" layername="ui" frame="0" z_index="4" m_a="1.000000" m_b="0.000000" m_c="0.000000" m_d="1.000000" m_tx="409.000000" m_ty="479.500000"/>
  </frame>
  <frame idx="550" w="615" h="531" x="357.500000" y="435.000000">
   <element name="ui" layername="ui" frame="0" z_index="4" m_a="1.000000" m_b="0.000000" m_c="0.000000" m_d="1.000000" m_tx="409.000000" m_ty="479.500000"/>
  </frame>
  <frame idx="575" w="615" h="531" x="357.500000" y="435.000000">
   <element name="ui" layername="ui" frame="0" z_index="4" m_a="1.000000" m_b="0.000000" m_c="0.000000" m_d="1.000000" m_tx="409.000000" m_ty="479.500000"/>
  </frame>
  <frame idx="600" w="615" h="531" x="357.500000" y="435.000000">
   <element name="ui" layername="ui" frame="0" z_index="4" m_a="1.000000" m_b="0.000000" m_c="0.000000" m_d="1.000000" m_tx="409.000000" m_ty="479.500000"/>
  </frame>
  <frame idx="625" w="615" h="531" x="357.500000" y="435.000000">
   <element name="ui" layername="ui" frame="0" z_index="4" m_a="1.000000" m_b="0.000000" m_c="0.000000" m_d="1.000000" m_tx="409.000000" m_ty="479.500000"/>
  </frame>
  <frame idx="650" w="615" h="531" x="357.500000" y="435.000000">
   <element name="ui" layername="ui" frame="0" z_index="4" m_a="1.000000" m_b="0.000000" m_c="0.000000" m_d="1.000000" m_tx="409.000000" m_ty="479.500000"/>
  </frame>
  <frame idx="675" w="615" h="531" x="357.500000" y="435.000000">
   <element name="ui" layername="ui" frame="0" z_index="4" m_a="1.000000" m_b="0.000000" m_c="0.000000" m_d="1.000000" m_tx="409.000000" m_ty="479.500000"/>
  </frame>
  <frame idx="700" w="615" h="531" x="357.500000" y="435.000000">
   <element name="ui" layername="ui" frame="0" z_index="4" m_a="1.000000" m_b="0.000000" m_c="0.000000" m_d="1.000000" m_tx="409.000000" m_ty="479.500000"/>
  </frame>
  <frame idx="725" w="615" h="531" x="357.500000" y="435.000000">
   <element name="ui" layername="ui" frame="0" z_index="4" m_a="1.000000" m_b="0.000000" m_c="0.000000" m_d="1.000000" m_tx="409.000000" m_ty="479.500000"/>
  </frame>
  <frame idx="750" w="615" h="531" x="357.500000" y="435.000000">
   <element name="ui" layername="ui" frame="0" z_index="4" m_a="1.000000" m_b="0.000000" m_c="0.000000" m_d="1.000000" m_tx="409.000000" m_ty="479.500000"/>
  </frame>
  <frame idx="775" w="615" h="531" x="357.500000" y="435.000000">
   <element name="ui" layername="ui" frame="0" z_index="4" m_a="1.000000" m_b="0.000000" m_c="0.000000" m_d="1.000000" m_tx="409.000000" m_ty="479.500000"/>
  </frame>
  <frame idx="800" w="615" h="531" x="357.500000" y="435.000000">
   <element name="ui" layername="ui" frame="0" z_index="4" m_a="1.000000" m_b="0.000000" m_c="0.000000" m_d="1.000000" m_tx="409.000000" m_ty="479.500000"/>
  </frame>
  <frame idx="825" w="615" h="531" x="357.500000" y="435.000000">
   <element name="ui" layername="ui" frame="0" z_index="4" m_a="1.000000" m_b="0.000000" m_c="0.000000" m_d="1.000000" m_tx="409.000000" m_ty="479.500000"/>
  </frame>
  <frame idx="850" w="615" h="531" x="357.500000" y="435.000000">
   <element name="ui" layername="ui" frame="0" z_index="4" m_a="1.000000" m_b="0.000000" m_c="0.000000" m_d="1.000000" m_tx="409.000000" m_ty="479.500000"/>
  </frame>
  <frame idx="875" w="615" h="531" x="357.500000" y="435.000000">
   <element name="ui" layername="ui" frame="0" z_index="4" m_a="1.000000" m_b="0.000000" m_c="0.000000" m_d="1.000000" m_tx="409.000000" m_ty="479.500000"/>
  </frame>
  <frame idx="900" w="615" h="531" x="357.500000" y="435.000000">
   <element name="ui" layername="ui" frame="0" z_index="4" m_a="1.000000" m_b="0.000000" m_c="0.000000" m_d="1.000000" m_tx="409.000000" m_ty="479.500000"/>
  </frame>
  <frame idx="925" w="615" h="531" x="357.500000" y="435.000000">
   <element name="ui" layername="ui" frame="0" z_index="4" m_a="1.000000" m_b="0.000000" m_c="0.000000" m_d="1.000000" m_tx="409.000000" m_ty="479.500000"/>
  </frame>
  <frame idx="950" w="615" h="531" x="357.500000" y="435.000000">
   <element name="ui" layername="ui" frame="0" z_index="4" m_a="1.000000" m_b="0.000000" m_c="0.000000" m_d="1.000000" m_tx="409.000000" m_ty="479.500000"/>
  </frame>
  <frame idx="975" w="615" h="531" x="357.500000" y="435.000000">
   <element name="ui" layername="ui" frame="0" z_index="4" m_a="1.000000" m_b="0.000000" m_c="0.000000" m_d="1.000000" m_tx="409.000000" m_ty="479.500000"/>
  </frame>
 </anim>
</Anims>
